<?xml version="1.0"?>
<ArrayOfPreset xmlns:xsd="http://www.w3.org/2001/XMLSchema" xmlns:xsi="http://www.w3.org/2001/XMLSchema-instance">
  <Preset>
    <Category>Custom Profiles</Category>
    <IsBuildIn>false</IsBuildIn>
    <IsDefault>false</IsDefault>
    <Name>Level 1</Name>
    <PictureSettingsMode>None</PictureSettingsMode>
    <UseDeinterlace>false</UseDeinterlace>
    <Task>
      <Title>0</Title>
      <Angle>0</Angle>
      <PointToPointMode>Chapters</PointToPointMode>
      <StartPoint>0</StartPoint>
      <EndPoint>0</EndPoint>
      <OutputFormat>Mp4</OutputFormat>
      <OptimizeMP4>false</OptimizeMP4>
      <IPod5GSupport>false</IPod5GSupport>
      <Width>0</Width>
      <Height xsi:nil="true" />
      <MaxWidth xsi:nil="true" />
      <MaxHeight xsi:nil="true" />
      <Cropping>
        <Top>0</Top>
        <Bottom>0</Bottom>
        <Left>0</Left>
        <Right>0</Right>
      </Cropping>
      <HasCropping>true</HasCropping>
      <Anamorphic>Strict</Anamorphic>
      <DisplayWidth xsi:nil="true" />
      <KeepDisplayAspect>false</KeepDisplayAspect>
      <PixelAspectX>0</PixelAspectX>
      <PixelAspectY>0</PixelAspectY>
      <Modulus>2</Modulus>
      <Deinterlace>Off</Deinterlace>
      <Decomb>Off</Decomb>
      <Detelecine>Off</Detelecine>
      <Denoise>Off</Denoise>
      <DenoisePreset>Weak</DenoisePreset>
      <DenoiseTune>None</DenoiseTune>
      <Deblock>4</Deblock>
      <Grayscale>false</Grayscale>
      <VideoEncodeRateType>ConstantQuality</VideoEncodeRateType>
      <VideoEncoder>X264</VideoEncoder>
      <FramerateMode>CFR</FramerateMode>
      <Quality>22</Quality>
      <VideoBitrate xsi:nil="true" />
      <TwoPass>false</TwoPass>
      <TurboFirstPass>false</TurboFirstPass>
      <Framerate xsi:nil="true" />
      <AudioTracks>
        <AudioTrack>
          <IsDefault>false</IsDefault>
          <Encoder>Passthrough</Encoder>
        </AudioTrack>
      </AudioTracks>
      <AllowedPassthruOptions>
        <AudioAllowAACPass>true</AudioAllowAACPass>
        <AudioAllowAC3Pass>true</AudioAllowAC3Pass>
        <AudioAllowDTSHDPass>true</AudioAllowDTSHDPass>
        <AudioAllowDTSPass>true</AudioAllowDTSPass>
        <AudioAllowMP3Pass>true</AudioAllowMP3Pass>
        <AudioEncoderFallback>Ac3</AudioEncoderFallback>
      </AllowedPassthruOptions>
      <SubtitleTracks />
      <IncludeChapterMarkers>false</IncludeChapterMarkers>
      <ChapterNames />
      <AdvancedEncoderOptions />
      <X264Preset>Medium</X264Preset>
      <QsvPreset>Balanced</QsvPreset>
      <H264Profile>None</H264Profile>
      <H264Level>Auto</H264Level>
      <X264Tune>None</X264Tune>
      <FastDecode>false</FastDecode>
      <ExtraAdvancedArguments>bframes=16:ref=4:direct=auto:trellis=2:psy-rd=1.00,0.20:no-dct-decimate=1:transfer=undef:colorprim=undef:colormatrix=undef:vbv-bufsize=0:vbv-maxrate=0</ExtraAdvancedArguments>
      <X265Preset>VeryFast</X265Preset>
      <H265Profile>None</H265Profile>
      <X265Tune>None</X265Tune>
      <PreviewStartAt xsi:nil="true" />
      <PreviewDuration xsi:nil="true" />
      <IsPreviewEncode>false</IsPreviewEncode>
      <PreviewEncodeDuration>0</PreviewEncodeDuration>
      <ShowAdvancedTab>false</ShowAdvancedTab>
    </Task>
    <UsePictureFilters>true</UsePictureFilters>
    <AudioTrackBehaviours>
      <SelectedBehaviour>None</SelectedBehaviour>
      <SelectedLangauges />
    </AudioTrackBehaviours>
    <SubtitleTrackBehaviours>
      <SelectedBehaviour>None</SelectedBehaviour>
      <SelectedLangauges />
      <AddForeignAudioScanTrack>false</AddForeignAudioScanTrack>
      <AddClosedCaptions>false</AddClosedCaptions>
    </SubtitleTrackBehaviours>
  </Preset>
  <Preset>
    <Category>Custom Profiles</Category>
    <IsBuildIn>false</IsBuildIn>
    <IsDefault>false</IsDefault>
    <Name>Level 2</Name>
    <PictureSettingsMode>None</PictureSettingsMode>
    <UseDeinterlace>false</UseDeinterlace>
    <Task>
      <Title>0</Title>
      <Angle>0</Angle>
      <PointToPointMode>Chapters</PointToPointMode>
      <StartPoint>0</StartPoint>
      <EndPoint>0</EndPoint>
      <OutputFormat>Mp4</OutputFormat>
      <OptimizeMP4>false</OptimizeMP4>
      <IPod5GSupport>false</IPod5GSupport>
      <Width>0</Width>
      <Height xsi:nil="true" />
      <MaxWidth xsi:nil="true" />
      <MaxHeight xsi:nil="true" />
      <Cropping>
        <Top>0</Top>
        <Bottom>0</Bottom>
        <Left>0</Left>
        <Right>0</Right>
      </Cropping>
      <HasCropping>true</HasCropping>
      <Anamorphic>Strict</Anamorphic>
      <DisplayWidth xsi:nil="true" />
      <KeepDisplayAspect>false</KeepDisplayAspect>
      <PixelAspectX>0</PixelAspectX>
      <PixelAspectY>0</PixelAspectY>
      <Modulus>2</Modulus>
      <Deinterlace>Off</Deinterlace>
      <Decomb>Off</Decomb>
      <Detelecine>Off</Detelecine>
      <Denoise>Off</Denoise>
      <DenoisePreset>Weak</DenoisePreset>
      <DenoiseTune>None</DenoiseTune>
      <Deblock>4</Deblock>
      <Grayscale>false</Grayscale>
      <VideoEncodeRateType>ConstantQuality</VideoEncodeRateType>
      <VideoEncoder>X264</VideoEncoder>
      <FramerateMode>CFR</FramerateMode>
      <Quality>22</Quality>
      <VideoBitrate xsi:nil="true" />
      <TwoPass>false</TwoPass>
      <TurboFirstPass>false</TurboFirstPass>
      <Framerate xsi:nil="true" />
      <AudioTracks>
        <AudioTrack>
          <IsDefault>false</IsDefault>
          <Encoder>Passthrough</Encoder>
        </AudioTrack>
      </AudioTracks>
      <AllowedPassthruOptions>
        <AudioAllowAACPass>true</AudioAllowAACPass>
        <AudioAllowAC3Pass>true</AudioAllowAC3Pass>
        <AudioAllowDTSHDPass>true</AudioAllowDTSHDPass>
        <AudioAllowDTSPass>true</AudioAllowDTSPass>
        <AudioAllowMP3Pass>true</AudioAllowMP3Pass>
        <AudioEncoderFallback>Ac3</AudioEncoderFallback>
      </AllowedPassthruOptions>
      <SubtitleTracks />
      <IncludeChapterMarkers>false</IncludeChapterMarkers>
      <ChapterNames />
      <AdvancedEncoderOptions />
      <X264Preset>Medium</X264Preset>
      <QsvPreset>Balanced</QsvPreset>
      <H264Profile>None</H264Profile>
      <H264Level>Auto</H264Level>
      <X264Tune>None</X264Tune>
      <FastDecode>false</FastDecode>
      <ExtraAdvancedArguments>bframes=4:b-adapt=2:ref=4:rc-lookahead=60:direct=auto:trellis=2:psy-rd=1.00,0.20:no-dct-decimate=1:no-fast-pskip=1:transfer=undef:colorprim=undef:colormatrix=undef:vbv-bufsize=0:vbv-maxrate=0</ExtraAdvancedArguments>
      <X265Preset>VeryFast</X265Preset>
      <H265Profile>None</H265Profile>
      <X265Tune>None</X265Tune>
      <PreviewStartAt xsi:nil="true" />
      <PreviewDuration xsi:nil="true" />
      <IsPreviewEncode>false</IsPreviewEncode>
      <PreviewEncodeDuration>0</PreviewEncodeDuration>
      <ShowAdvancedTab>false</ShowAdvancedTab>
    </Task>
    <UsePictureFilters>true</UsePictureFilters>
    <AudioTrackBehaviours>
      <SelectedBehaviour>None</SelectedBehaviour>
      <SelectedLangauges />
    </AudioTrackBehaviours>
    <SubtitleTrackBehaviours>
      <SelectedBehaviour>None</SelectedBehaviour>
      <SelectedLangauges />
      <AddForeignAudioScanTrack>false</AddForeignAudioScanTrack>
      <AddClosedCaptions>false</AddClosedCaptions>
    </SubtitleTrackBehaviours>
  </Preset>
  <Preset>
    <Category>Custom Profiles</Category>
    <IsBuildIn>false</IsBuildIn>
    <IsDefault>false</IsDefault>
    <Name>Level 3</Name>
    <PictureSettingsMode>None</PictureSettingsMode>
    <UseDeinterlace>false</UseDeinterlace>
    <Task>
      <Title>0</Title>
      <Angle>0</Angle>
      <PointToPointMode>Chapters</PointToPointMode>
      <StartPoint>0</StartPoint>
      <EndPoint>0</EndPoint>
      <OutputFormat>Mp4</OutputFormat>
      <OptimizeMP4>false</OptimizeMP4>
      <IPod5GSupport>false</IPod5GSupport>
      <Width>0</Width>
      <Height xsi:nil="true" />
      <MaxWidth xsi:nil="true" />
      <MaxHeight xsi:nil="true" />
      <Cropping>
        <Top>0</Top>
        <Bottom>0</Bottom>
        <Left>0</Left>
        <Right>0</Right>
      </Cropping>
      <HasCropping>true</HasCropping>
      <Anamorphic>Strict</Anamorphic>
      <DisplayWidth xsi:nil="true" />
      <KeepDisplayAspect>false</KeepDisplayAspect>
      <PixelAspectX>0</PixelAspectX>
      <PixelAspectY>0</PixelAspectY>
      <Modulus>2</Modulus>
      <Deinterlace>Off</Deinterlace>
      <Decomb>Off</Decomb>
      <Detelecine>Off</Detelecine>
      <Denoise>Off</Denoise>
      <DenoisePreset>Weak</DenoisePreset>
      <DenoiseTune>None</DenoiseTune>
      <Deblock>4</Deblock>
      <Grayscale>false</Grayscale>
      <VideoEncodeRateType>ConstantQuality</VideoEncodeRateType>
      <VideoEncoder>X264</VideoEncoder>
      <FramerateMode>CFR</FramerateMode>
      <Quality>22</Quality>
      <VideoBitrate xsi:nil="true" />
      <TwoPass>false</TwoPass>
      <TurboFirstPass>false</TurboFirstPass>
      <Framerate xsi:nil="true" />
      <AudioTracks>
        <AudioTrack>
          <IsDefault>false</IsDefault>
          <Encoder>Passthrough</Encoder>
        </AudioTrack>
      </AudioTracks>
      <AllowedPassthruOptions>
        <AudioAllowAACPass>true</AudioAllowAACPass>
        <AudioAllowAC3Pass>true</AudioAllowAC3Pass>
        <AudioAllowDTSHDPass>true</AudioAllowDTSHDPass>
        <AudioAllowDTSPass>true</AudioAllowDTSPass>
        <AudioAllowMP3Pass>true</AudioAllowMP3Pass>
        <AudioEncoderFallback>Ac3</AudioEncoderFallback>
      </AllowedPassthruOptions>
      <SubtitleTracks />
      <IncludeChapterMarkers>false</IncludeChapterMarkers>
      <ChapterNames />
      <AdvancedEncoderOptions />
      <X264Preset>Medium</X264Preset>
      <QsvPreset>Balanced</QsvPreset>
      <H264Profile>None</H264Profile>
      <H264Level>Auto</H264Level>
      <X264Tune>None</X264Tune>
      <FastDecode>false</FastDecode>
      <ExtraAdvancedArguments>bframes=6:b-adapt=2:ref=6:rc-lookahead=80:merange=24:me=umh:direct=auto:subq=9:trellis=2:psy-rd=1.00,0.20:no-dct-decimate=1:no-fast-pskip=1:transfer=undef:colorprim=undef:colormatrix=undef:vbv-bufsize=0:vbv-maxrate=0</ExtraAdvancedArguments>
      <X265Preset>VeryFast</X265Preset>
      <H265Profile>None</H265Profile>
      <X265Tune>None</X265Tune>
      <PreviewStartAt xsi:nil="true" />
      <PreviewDuration xsi:nil="true" />
      <IsPreviewEncode>false</IsPreviewEncode>
      <PreviewEncodeDuration>0</PreviewEncodeDuration>
      <ShowAdvancedTab>false</ShowAdvancedTab>
    </Task>
    <UsePictureFilters>true</UsePictureFilters>
    <AudioTrackBehaviours>
      <SelectedBehaviour>None</SelectedBehaviour>
      <SelectedLangauges />
    </AudioTrackBehaviours>
    <SubtitleTrackBehaviours>
      <SelectedBehaviour>None</SelectedBehaviour>
      <SelectedLangauges />
      <AddForeignAudioScanTrack>false</AddForeignAudioScanTrack>
      <AddClosedCaptions>false</AddClosedCaptions>
    </SubtitleTrackBehaviours>
  </Preset>
  <Preset>
    <Category>Custom Profiles</Category>
    <IsBuildIn>false</IsBuildIn>
    <IsDefault>false</IsDefault>
    <Name>mHD v4</Name>
    <PictureSettingsMode>None</PictureSettingsMode>
    <UseDeinterlace>false</UseDeinterlace>
    <Task>
      <Title>0</Title>
      <Angle>0</Angle>
      <PointToPointMode>Chapters</PointToPointMode>
      <StartPoint>0</StartPoint>
      <EndPoint>0</EndPoint>
      <OutputFormat>Mp4</OutputFormat>
      <OptimizeMP4>false</OptimizeMP4>
      <IPod5GSupport>false</IPod5GSupport>
      <Width>0</Width>
      <Height xsi:nil="true" />
      <MaxWidth xsi:nil="true" />
      <MaxHeight xsi:nil="true" />
      <Cropping>
        <Top>0</Top>
        <Bottom>0</Bottom>
        <Left>0</Left>
        <Right>0</Right>
      </Cropping>
      <HasCropping>true</HasCropping>
      <Anamorphic>Strict</Anamorphic>
      <DisplayWidth xsi:nil="true" />
      <KeepDisplayAspect>false</KeepDisplayAspect>
      <PixelAspectX>0</PixelAspectX>
      <PixelAspectY>0</PixelAspectY>
      <Modulus>2</Modulus>
      <Deinterlace>Off</Deinterlace>
      <Decomb>Off</Decomb>
      <Detelecine>Off</Detelecine>
      <Denoise>Off</Denoise>
      <DenoisePreset>Weak</DenoisePreset>
      <DenoiseTune>None</DenoiseTune>
      <Deblock>4</Deblock>
      <Grayscale>false</Grayscale>
      <VideoEncodeRateType>ConstantQuality</VideoEncodeRateType>
      <VideoEncoder>X264</VideoEncoder>
      <FramerateMode>CFR</FramerateMode>
      <Quality>28</Quality>
      <VideoBitrate xsi:nil="true" />
      <TwoPass>false</TwoPass>
      <TurboFirstPass>false</TurboFirstPass>
      <Framerate xsi:nil="true" />
      <AudioTracks>
        <AudioTrack>
          <IsDefault>false</IsDefault>
          <Encoder>Passthrough</Encoder>
        </AudioTrack>
      </AudioTracks>
      <AllowedPassthruOptions>
        <AudioAllowAACPass>true</AudioAllowAACPass>
        <AudioAllowAC3Pass>true</AudioAllowAC3Pass>
        <AudioAllowDTSHDPass>true</AudioAllowDTSHDPass>
        <AudioAllowDTSPass>true</AudioAllowDTSPass>
        <AudioAllowMP3Pass>true</AudioAllowMP3Pass>
        <AudioEncoderFallback>Ac3</AudioEncoderFallback>
      </AllowedPassthruOptions>
      <SubtitleTracks />
      <IncludeChapterMarkers>false</IncludeChapterMarkers>
      <ChapterNames />
      <AdvancedEncoderOptions />
      <X264Preset>Medium</X264Preset>
      <QsvPreset>Balanced</QsvPreset>
      <H264Profile>None</H264Profile>
      <H264Level>Auto</H264Level>
      <X264Tune>None</X264Tune>
      <FastDecode>false</FastDecode>
      <ExtraAdvancedArguments>bframes=4:b-adapt=2:ref=4:rc-lookahead=90:aq-strength=0.8:me=umh:direct=auto:subq=9:analyse=all:trellis=2:psy-rd=0.85,0:no-fast-pskip=1:transfer=undef:colorprim=undef:colormatrix=undef:vbv-bufsize=0:vbv-maxrate=0</ExtraAdvancedArguments>
      <X265Preset>VeryFast</X265Preset>
      <H265Profile>None</H265Profile>
      <X265Tune>None</X265Tune>
      <PreviewStartAt xsi:nil="true" />
      <PreviewDuration xsi:nil="true" />
      <IsPreviewEncode>false</IsPreviewEncode>
      <PreviewEncodeDuration>0</PreviewEncodeDuration>
      <ShowAdvancedTab>false</ShowAdvancedTab>
    </Task>
    <UsePictureFilters>true</UsePictureFilters>
    <AudioTrackBehaviours>
      <SelectedBehaviour>None</SelectedBehaviour>
      <SelectedLangauges />
    </AudioTrackBehaviours>
    <SubtitleTrackBehaviours>
      <SelectedBehaviour>None</SelectedBehaviour>
      <SelectedLangauges />
      <AddForeignAudioScanTrack>false</AddForeignAudioScanTrack>
      <AddClosedCaptions>false</AddClosedCaptions>
    </SubtitleTrackBehaviours>
  </Preset>
  <Preset>
    <Category>Custom Profiles</Category>
    <IsBuildIn>false</IsBuildIn>
    <IsDefault>false</IsDefault>
    <Name>mHD v5</Name>
    <PictureSettingsMode>None</PictureSettingsMode>
    <UseDeinterlace>false</UseDeinterlace>
    <Task>
      <Title>0</Title>
      <Angle>0</Angle>
      <PointToPointMode>Chapters</PointToPointMode>
      <StartPoint>0</StartPoint>
      <EndPoint>0</EndPoint>
      <OutputFormat>Mp4</OutputFormat>
      <OptimizeMP4>false</OptimizeMP4>
      <IPod5GSupport>false</IPod5GSupport>
      <Width>0</Width>
      <Height xsi:nil="true" />
      <MaxWidth xsi:nil="true" />
      <MaxHeight xsi:nil="true" />
      <Cropping>
        <Top>0</Top>
        <Bottom>0</Bottom>
        <Left>0</Left>
        <Right>0</Right>
      </Cropping>
      <HasCropping>true</HasCropping>
      <Anamorphic>Strict</Anamorphic>
      <DisplayWidth xsi:nil="true" />
      <KeepDisplayAspect>false</KeepDisplayAspect>
      <PixelAspectX>0</PixelAspectX>
      <PixelAspectY>0</PixelAspectY>
      <Modulus>2</Modulus>
      <Deinterlace>Off</Deinterlace>
      <Decomb>Off</Decomb>
      <Detelecine>Off</Detelecine>
      <Denoise>Off</Denoise>
      <DenoisePreset>Weak</DenoisePreset>
      <DenoiseTune>None</DenoiseTune>
      <Deblock>4</Deblock>
      <Grayscale>false</Grayscale>
      <VideoEncodeRateType>ConstantQuality</VideoEncodeRateType>
      <VideoEncoder>X264</VideoEncoder>
      <FramerateMode>CFR</FramerateMode>
      <Quality>26.5</Quality>
      <VideoBitrate xsi:nil="true" />
      <TwoPass>false</TwoPass>
      <TurboFirstPass>false</TurboFirstPass>
      <Framerate xsi:nil="true" />
      <AudioTracks>
        <AudioTrack>
          <IsDefault>false</IsDefault>
          <Encoder>Passthrough</Encoder>
        </AudioTrack>
      </AudioTracks>
      <AllowedPassthruOptions>
        <AudioAllowAACPass>true</AudioAllowAACPass>
        <AudioAllowAC3Pass>true</AudioAllowAC3Pass>
        <AudioAllowDTSHDPass>true</AudioAllowDTSHDPass>
        <AudioAllowDTSPass>true</AudioAllowDTSPass>
        <AudioAllowMP3Pass>true</AudioAllowMP3Pass>
        <AudioEncoderFallback>Ac3</AudioEncoderFallback>
      </AllowedPassthruOptions>
      <SubtitleTracks />
      <IncludeChapterMarkers>false</IncludeChapterMarkers>
      <ChapterNames />
      <AdvancedEncoderOptions />
      <X264Preset>Medium</X264Preset>
      <QsvPreset>Balanced</QsvPreset>
      <H264Profile>None</H264Profile>
      <H264Level>Auto</H264Level>
      <X264Tune>None</X264Tune>
      <FastDecode>false</FastDecode>
      <ExtraAdvancedArguments>bframes=8:b-adapt=2:ref=4:rc-lookahead=80:merange=24:me=umh:direct=auto:subq=9:analyse=all:trellis=2:psy-rd=1.00,0.20:no-dct-decimate=1:no-fast-pskip=1:transfer=undef:colorprim=undef:colormatrix=undef:vbv-bufsize=0:vbv-maxrate=0</ExtraAdvancedArguments>
      <X265Preset>VeryFast</X265Preset>
      <H265Profile>None</H265Profile>
      <X265Tune>None</X265Tune>
      <PreviewStartAt xsi:nil="true" />
      <PreviewDuration xsi:nil="true" />
      <IsPreviewEncode>false</IsPreviewEncode>
      <PreviewEncodeDuration>0</PreviewEncodeDuration>
      <ShowAdvancedTab>false</ShowAdvancedTab>
    </Task>
    <UsePictureFilters>true</UsePictureFilters>
    <AudioTrackBehaviours>
      <SelectedBehaviour>None</SelectedBehaviour>
      <SelectedLangauges />
    </AudioTrackBehaviours>
    <SubtitleTrackBehaviours>
      <SelectedBehaviour>None</SelectedBehaviour>
      <SelectedLangauges />
      <AddForeignAudioScanTrack>false</AddForeignAudioScanTrack>
      <AddClosedCaptions>false</AddClosedCaptions>
    </SubtitleTrackBehaviours>
  </Preset>
  <Preset>
    <Category>Custom Profiles</Category>
    <IsBuildIn>false</IsBuildIn>
    <IsDefault>false</IsDefault>
    <Name>VF+</Name>
    <PictureSettingsMode>None</PictureSettingsMode>
    <UseDeinterlace>false</UseDeinterlace>
    <Task>
      <Title>0</Title>
      <Angle>0</Angle>
      <PointToPointMode>Chapters</PointToPointMode>
      <StartPoint>0</StartPoint>
      <EndPoint>0</EndPoint>
      <OutputFormat>Mp4</OutputFormat>
      <OptimizeMP4>false</OptimizeMP4>
      <IPod5GSupport>false</IPod5GSupport>
      <Width>0</Width>
      <Height xsi:nil="true" />
      <MaxWidth xsi:nil="true" />
      <MaxHeight xsi:nil="true" />
      <Cropping>
        <Top>0</Top>
        <Bottom>0</Bottom>
        <Left>0</Left>
        <Right>0</Right>
      </Cropping>
      <HasCropping>true</HasCropping>
      <Anamorphic>Strict</Anamorphic>
      <DisplayWidth xsi:nil="true" />
      <KeepDisplayAspect>false</KeepDisplayAspect>
      <PixelAspectX>0</PixelAspectX>
      <PixelAspectY>0</PixelAspectY>
      <Modulus>2</Modulus>
      <Deinterlace>Off</Deinterlace>
      <Decomb>Off</Decomb>
      <Detelecine>Off</Detelecine>
      <Denoise>Off</Denoise>
      <DenoisePreset>Weak</DenoisePreset>
      <DenoiseTune>None</DenoiseTune>
      <Deblock>4</Deblock>
      <Grayscale>false</Grayscale>
      <VideoEncodeRateType>ConstantQuality</VideoEncodeRateType>
      <VideoEncoder>X264</VideoEncoder>
      <FramerateMode>CFR</FramerateMode>
      <Quality>20.5</Quality>
      <VideoBitrate xsi:nil="true" />
      <TwoPass>false</TwoPass>
      <TurboFirstPass>false</TurboFirstPass>
      <Framerate xsi:nil="true" />
      <AudioTracks>
        <AudioTrack>
          <IsDefault>false</IsDefault>
          <Encoder>Passthrough</Encoder>
        </AudioTrack>
      </AudioTracks>
      <AllowedPassthruOptions>
        <AudioAllowAACPass>true</AudioAllowAACPass>
        <AudioAllowAC3Pass>true</AudioAllowAC3Pass>
        <AudioAllowDTSHDPass>true</AudioAllowDTSHDPass>
        <AudioAllowDTSPass>true</AudioAllowDTSPass>
        <AudioAllowMP3Pass>true</AudioAllowMP3Pass>
        <AudioEncoderFallback>Ac3</AudioEncoderFallback>
      </AllowedPassthruOptions>
      <SubtitleTracks />
      <IncludeChapterMarkers>false</IncludeChapterMarkers>
      <ChapterNames />
      <AdvancedEncoderOptions />
      <X264Preset>Medium</X264Preset>
      <QsvPreset>Balanced</QsvPreset>
      <H264Profile>None</H264Profile>
      <H264Level>Auto</H264Level>
      <X264Tune>None</X264Tune>
      <FastDecode>false</FastDecode>
      <ExtraAdvancedArguments>bframes=16:ref=1:subq=2:mixed-ref=0:trellis=0:deadzone-inter=15:deadzone-intra=5:weightp=1:rc-lookahead=10:no-dct-decimate=1:transfer=undef:colorprim=undef:colormatrix=undef:vbv-bufsize=0:vbv-maxrate=0</ExtraAdvancedArguments>
      <X265Preset>VeryFast</X265Preset>
      <H265Profile>None</H265Profile>
      <X265Tune>None</X265Tune>
      <PreviewStartAt xsi:nil="true" />
      <PreviewDuration xsi:nil="true" />
      <IsPreviewEncode>false</IsPreviewEncode>
      <PreviewEncodeDuration>0</PreviewEncodeDuration>
      <ShowAdvancedTab>false</ShowAdvancedTab>
    </Task>
    <UsePictureFilters>true</UsePictureFilters>
    <AudioTrackBehaviours>
      <SelectedBehaviour>None</SelectedBehaviour>
      <SelectedLangauges />
    </AudioTrackBehaviours>
    <SubtitleTrackBehaviours>
      <SelectedBehaviour>None</SelectedBehaviour>
      <SelectedLangauges />
      <AddForeignAudioScanTrack>false</AddForeignAudioScanTrack>
      <AddClosedCaptions>false</AddClosedCaptions>
    </SubtitleTrackBehaviours>
  </Preset>
  <Preset>
    <Category>Universal</Category>
    <IsBuildIn>false</IsBuildIn>
    <IsDefault>false</IsDefault>
    <Name>U1 v3</Name>
    <PictureSettingsMode>None</PictureSettingsMode>
    <UseDeinterlace>false</UseDeinterlace>
    <Task>
      <Title>0</Title>
      <Angle>0</Angle>
      <PointToPointMode>Chapters</PointToPointMode>
      <StartPoint>0</StartPoint>
      <EndPoint>0</EndPoint>
      <OutputFormat>Mp4</OutputFormat>
      <OptimizeMP4>false</OptimizeMP4>
      <IPod5GSupport>false</IPod5GSupport>
      <Width>0</Width>
      <Height xsi:nil="true" />
      <MaxWidth xsi:nil="true" />
      <MaxHeight xsi:nil="true" />
      <Cropping>
        <Top>0</Top>
        <Bottom>0</Bottom>
        <Left>0</Left>
        <Right>0</Right>
      </Cropping>
      <HasCropping>true</HasCropping>
      <Anamorphic>Strict</Anamorphic>
      <DisplayWidth xsi:nil="true" />
      <KeepDisplayAspect>false</KeepDisplayAspect>
      <PixelAspectX>0</PixelAspectX>
      <PixelAspectY>0</PixelAspectY>
      <Modulus>2</Modulus>
      <Deinterlace>Off</Deinterlace>
      <Decomb>Off</Decomb>
      <Detelecine>Off</Detelecine>
      <Denoise>Off</Denoise>
      <DenoisePreset>Weak</DenoisePreset>
      <DenoiseTune>None</DenoiseTune>
      <Deblock>4</Deblock>
      <Grayscale>false</Grayscale>
      <VideoEncodeRateType>ConstantQuality</VideoEncodeRateType>
      <VideoEncoder>X264</VideoEncoder>
      <FramerateMode>CFR</FramerateMode>
      <Quality>19</Quality>
      <VideoBitrate xsi:nil="true" />
      <TwoPass>false</TwoPass>
      <TurboFirstPass>false</TurboFirstPass>
      <Framerate xsi:nil="true" />
      <AudioTracks>
        <AudioTrack>
          <IsDefault>false</IsDefault>
          <Encoder>Passthrough</Encoder>
        </AudioTrack>
      </AudioTracks>
      <AllowedPassthruOptions>
        <AudioAllowAACPass>true</AudioAllowAACPass>
        <AudioAllowAC3Pass>true</AudioAllowAC3Pass>
        <AudioAllowDTSHDPass>true</AudioAllowDTSHDPass>
        <AudioAllowDTSPass>true</AudioAllowDTSPass>
        <AudioAllowMP3Pass>true</AudioAllowMP3Pass>
        <AudioEncoderFallback>Ac3</AudioEncoderFallback>
      </AllowedPassthruOptions>
      <SubtitleTracks />
      <IncludeChapterMarkers>false</IncludeChapterMarkers>
      <ChapterNames />
      <AdvancedEncoderOptions />
      <X264Preset>Medium</X264Preset>
      <QsvPreset>Balanced</QsvPreset>
      <H264Profile>None</H264Profile>
      <H264Level>Auto</H264Level>
      <X264Tune>None</X264Tune>
      <FastDecode>false</FastDecode>
      <ExtraAdvancedArguments>level=4.1:b-adapt=2:ref=5:rc-lookahead=90:aq-mode=2:aq-strength=1.5:direct=auto:analyse=all:trellis=2:psy-rd=1.00,1.00:no-dct-decimate=1:no-fast-pskip=1:transfer=undef:colorprim=undef:colormatrix=undef:vbv-bufsize=0:vbv-maxrate=0</ExtraAdvancedArguments>
      <X265Preset>VeryFast</X265Preset>
      <H265Profile>None</H265Profile>
      <X265Tune>None</X265Tune>
      <PreviewStartAt xsi:nil="true" />
      <PreviewDuration xsi:nil="true" />
      <IsPreviewEncode>false</IsPreviewEncode>
      <PreviewEncodeDuration>0</PreviewEncodeDuration>
      <ShowAdvancedTab>false</ShowAdvancedTab>
    </Task>
    <UsePictureFilters>true</UsePictureFilters>
    <AudioTrackBehaviours>
      <SelectedBehaviour>None</SelectedBehaviour>
      <SelectedLangauges />
    </AudioTrackBehaviours>
    <SubtitleTrackBehaviours>
      <SelectedBehaviour>None</SelectedBehaviour>
      <SelectedLangauges />
      <AddForeignAudioScanTrack>false</AddForeignAudioScanTrack>
      <AddClosedCaptions>false</AddClosedCaptions>
    </SubtitleTrackBehaviours>
  </Preset>
  <Preset>
    <Category>Universal</Category>
    <IsBuildIn>false</IsBuildIn>
    <IsDefault>false</IsDefault>
    <Name>U1 v4</Name>
    <PictureSettingsMode>None</PictureSettingsMode>
    <UseDeinterlace>false</UseDeinterlace>
    <Task>
      <Title>0</Title>
      <Angle>0</Angle>
      <PointToPointMode>Chapters</PointToPointMode>
      <StartPoint>0</StartPoint>
      <EndPoint>0</EndPoint>
      <OutputFormat>Mp4</OutputFormat>
      <OptimizeMP4>false</OptimizeMP4>
      <IPod5GSupport>false</IPod5GSupport>
      <Width>0</Width>
      <Height xsi:nil="true" />
      <MaxWidth xsi:nil="true" />
      <MaxHeight xsi:nil="true" />
      <Cropping>
        <Top>0</Top>
        <Bottom>0</Bottom>
        <Left>0</Left>
        <Right>0</Right>
      </Cropping>
      <HasCropping>true</HasCropping>
      <Anamorphic>Strict</Anamorphic>
      <DisplayWidth xsi:nil="true" />
      <KeepDisplayAspect>false</KeepDisplayAspect>
      <PixelAspectX>0</PixelAspectX>
      <PixelAspectY>0</PixelAspectY>
      <Modulus>2</Modulus>
      <Deinterlace>Off</Deinterlace>
      <Decomb>Off</Decomb>
      <Detelecine>Off</Detelecine>
      <Denoise>Off</Denoise>
      <DenoisePreset>Weak</DenoisePreset>
      <DenoiseTune>None</DenoiseTune>
      <Deblock>4</Deblock>
      <Grayscale>false</Grayscale>
      <VideoEncodeRateType>ConstantQuality</VideoEncodeRateType>
      <VideoEncoder>X264</VideoEncoder>
      <FramerateMode>CFR</FramerateMode>
      <Quality>19</Quality>
      <VideoBitrate xsi:nil="true" />
      <TwoPass>false</TwoPass>
      <TurboFirstPass>false</TurboFirstPass>
      <Framerate xsi:nil="true" />
      <AudioTracks>
        <AudioTrack>
          <IsDefault>false</IsDefault>
          <Encoder>Passthrough</Encoder>
        </AudioTrack>
      </AudioTracks>
      <AllowedPassthruOptions>
        <AudioAllowAACPass>true</AudioAllowAACPass>
        <AudioAllowAC3Pass>true</AudioAllowAC3Pass>
        <AudioAllowDTSHDPass>true</AudioAllowDTSHDPass>
        <AudioAllowDTSPass>true</AudioAllowDTSPass>
        <AudioAllowMP3Pass>true</AudioAllowMP3Pass>
        <AudioEncoderFallback>Ac3</AudioEncoderFallback>
      </AllowedPassthruOptions>
      <SubtitleTracks />
      <IncludeChapterMarkers>false</IncludeChapterMarkers>
      <ChapterNames />
      <AdvancedEncoderOptions />
      <X264Preset>Medium</X264Preset>
      <QsvPreset>Balanced</QsvPreset>
      <H264Profile>None</H264Profile>
      <H264Level>Auto</H264Level>
      <X264Tune>None</X264Tune>
      <FastDecode>false</FastDecode>
      <ExtraAdvancedArguments>level=4.1:b-adapt=2:ref=5:qpstep=7:pbratio=1.66:mbtree=0:aq-strength=1.5:direct=auto:analyse=all:trellis=2:psy-rd=1.00,1.05:no-dct-decimate=1:no-fast-pskip=1:transfer=undef:colorprim=undef:colormatrix=undef:vbv-bufsize=0:vbv-maxrate=0</ExtraAdvancedArguments>
      <X265Preset>VeryFast</X265Preset>
      <H265Profile>None</H265Profile>
      <X265Tune>None</X265Tune>
      <PreviewStartAt xsi:nil="true" />
      <PreviewDuration xsi:nil="true" />
      <IsPreviewEncode>false</IsPreviewEncode>
      <PreviewEncodeDuration>0</PreviewEncodeDuration>
      <ShowAdvancedTab>false</ShowAdvancedTab>
    </Task>
    <UsePictureFilters>true</UsePictureFilters>
    <AudioTrackBehaviours>
      <SelectedBehaviour>None</SelectedBehaviour>
      <SelectedLangauges />
    </AudioTrackBehaviours>
    <SubtitleTrackBehaviours>
      <SelectedBehaviour>None</SelectedBehaviour>
      <SelectedLangauges />
      <AddForeignAudioScanTrack>false</AddForeignAudioScanTrack>
      <AddClosedCaptions>false</AddClosedCaptions>
    </SubtitleTrackBehaviours>
  </Preset>
  <Preset>
    <Category>Universal</Category>
    <IsBuildIn>false</IsBuildIn>
    <IsDefault>false</IsDefault>
    <Name>U1+</Name>
    <PictureSettingsMode>None</PictureSettingsMode>
    <UseDeinterlace>false</UseDeinterlace>
    <Task>
      <Title>0</Title>
      <Angle>0</Angle>
      <PointToPointMode>Chapters</PointToPointMode>
      <StartPoint>0</StartPoint>
      <EndPoint>0</EndPoint>
      <OutputFormat>Mp4</OutputFormat>
      <OptimizeMP4>false</OptimizeMP4>
      <IPod5GSupport>false</IPod5GSupport>
      <Width>0</Width>
      <Height xsi:nil="true" />
      <MaxWidth xsi:nil="true" />
      <MaxHeight xsi:nil="true" />
      <Cropping>
        <Top>0</Top>
        <Bottom>0</Bottom>
        <Left>0</Left>
        <Right>0</Right>
      </Cropping>
      <HasCropping>true</HasCropping>
      <Anamorphic>Strict</Anamorphic>
      <DisplayWidth xsi:nil="true" />
      <KeepDisplayAspect>false</KeepDisplayAspect>
      <PixelAspectX>0</PixelAspectX>
      <PixelAspectY>0</PixelAspectY>
      <Modulus>2</Modulus>
      <Deinterlace>Off</Deinterlace>
      <Decomb>Off</Decomb>
      <Detelecine>Off</Detelecine>
      <Denoise>Off</Denoise>
      <DenoisePreset>Weak</DenoisePreset>
      <DenoiseTune>None</DenoiseTune>
      <Deblock>4</Deblock>
      <Grayscale>false</Grayscale>
      <VideoEncodeRateType>ConstantQuality</VideoEncodeRateType>
      <VideoEncoder>X264</VideoEncoder>
      <FramerateMode>CFR</FramerateMode>
      <Quality>19</Quality>
      <VideoBitrate xsi:nil="true" />
      <TwoPass>false</TwoPass>
      <TurboFirstPass>false</TurboFirstPass>
      <Framerate xsi:nil="true" />
      <AudioTracks>
        <AudioTrack>
          <IsDefault>false</IsDefault>
          <Encoder>Passthrough</Encoder>
        </AudioTrack>
      </AudioTracks>
      <AllowedPassthruOptions>
        <AudioAllowAACPass>true</AudioAllowAACPass>
        <AudioAllowAC3Pass>true</AudioAllowAC3Pass>
        <AudioAllowDTSHDPass>true</AudioAllowDTSHDPass>
        <AudioAllowDTSPass>true</AudioAllowDTSPass>
        <AudioAllowMP3Pass>true</AudioAllowMP3Pass>
        <AudioEncoderFallback>Ac3</AudioEncoderFallback>
      </AllowedPassthruOptions>
      <SubtitleTracks />
      <IncludeChapterMarkers>false</IncludeChapterMarkers>
      <ChapterNames />
      <AdvancedEncoderOptions />
      <X264Preset>Medium</X264Preset>
      <QsvPreset>Balanced</QsvPreset>
      <H264Profile>None</H264Profile>
      <H264Level>Auto</H264Level>
      <X264Tune>None</X264Tune>
      <FastDecode>false</FastDecode>
      <ExtraAdvancedArguments>bframes=5:b-adapt=2:ref=8:rc-lookahead=120:aq-strength=1.5:merange=24:me=umh:direct=auto:subq=9:analyse=all:trellis=2:psy-rd=0.80,1.00:no-dct-decimate=1:no-fast-pskip=1:transfer=undef:colorprim=undef:colormatrix=undef:vbv-bufsize=0:vbv-maxrate=0</ExtraAdvancedArguments>
      <X265Preset>VeryFast</X265Preset>
      <H265Profile>None</H265Profile>
      <X265Tune>None</X265Tune>
      <PreviewStartAt xsi:nil="true" />
      <PreviewDuration xsi:nil="true" />
      <IsPreviewEncode>false</IsPreviewEncode>
      <PreviewEncodeDuration>0</PreviewEncodeDuration>
      <ShowAdvancedTab>false</ShowAdvancedTab>
    </Task>
    <UsePictureFilters>true</UsePictureFilters>
    <AudioTrackBehaviours>
      <SelectedBehaviour>None</SelectedBehaviour>
      <SelectedLangauges />
    </AudioTrackBehaviours>
    <SubtitleTrackBehaviours>
      <SelectedBehaviour>None</SelectedBehaviour>
      <SelectedLangauges />
      <AddForeignAudioScanTrack>false</AddForeignAudioScanTrack>
      <AddClosedCaptions>false</AddClosedCaptions>
    </SubtitleTrackBehaviours>
  </Preset>
  <Preset>
    <Category>Universal</Category>
    <IsBuildIn>false</IsBuildIn>
    <IsDefault>false</IsDefault>
    <Name>U2 v3.5</Name>
    <PictureSettingsMode>None</PictureSettingsMode>
    <UseDeinterlace>false</UseDeinterlace>
    <Task>
      <Title>0</Title>
      <Angle>0</Angle>
      <PointToPointMode>Chapters</PointToPointMode>
      <StartPoint>0</StartPoint>
      <EndPoint>0</EndPoint>
      <OutputFormat>Mp4</OutputFormat>
      <OptimizeMP4>false</OptimizeMP4>
      <IPod5GSupport>false</IPod5GSupport>
      <Width>0</Width>
      <Height xsi:nil="true" />
      <MaxWidth xsi:nil="true" />
      <MaxHeight xsi:nil="true" />
      <Cropping>
        <Top>0</Top>
        <Bottom>0</Bottom>
        <Left>0</Left>
        <Right>0</Right>
      </Cropping>
      <HasCropping>true</HasCropping>
      <Anamorphic>Strict</Anamorphic>
      <DisplayWidth xsi:nil="true" />
      <KeepDisplayAspect>false</KeepDisplayAspect>
      <PixelAspectX>0</PixelAspectX>
      <PixelAspectY>0</PixelAspectY>
      <Modulus>2</Modulus>
      <Deinterlace>Off</Deinterlace>
      <Decomb>Off</Decomb>
      <Detelecine>Off</Detelecine>
      <Denoise>Off</Denoise>
      <DenoisePreset>Weak</DenoisePreset>
      <DenoiseTune>None</DenoiseTune>
      <Deblock>4</Deblock>
      <Grayscale>false</Grayscale>
      <VideoEncodeRateType>ConstantQuality</VideoEncodeRateType>
      <VideoEncoder>X264</VideoEncoder>
      <FramerateMode>CFR</FramerateMode>
      <Quality>23.5</Quality>
      <VideoBitrate xsi:nil="true" />
      <TwoPass>false</TwoPass>
      <TurboFirstPass>false</TurboFirstPass>
      <Framerate xsi:nil="true" />
      <AudioTracks>
        <AudioTrack>
          <IsDefault>false</IsDefault>
          <Encoder>Passthrough</Encoder>
        </AudioTrack>
      </AudioTracks>
      <AllowedPassthruOptions>
        <AudioAllowAACPass>true</AudioAllowAACPass>
        <AudioAllowAC3Pass>true</AudioAllowAC3Pass>
        <AudioAllowDTSHDPass>true</AudioAllowDTSHDPass>
        <AudioAllowDTSPass>true</AudioAllowDTSPass>
        <AudioAllowMP3Pass>true</AudioAllowMP3Pass>
        <AudioEncoderFallback>Ac3</AudioEncoderFallback>
      </AllowedPassthruOptions>
      <SubtitleTracks />
      <IncludeChapterMarkers>false</IncludeChapterMarkers>
      <ChapterNames />
      <AdvancedEncoderOptions />
      <X264Preset>Medium</X264Preset>
      <QsvPreset>Balanced</QsvPreset>
      <H264Profile>None</H264Profile>
      <H264Level>Auto</H264Level>
      <X264Tune>None</X264Tune>
      <FastDecode>false</FastDecode>
      <ExtraAdvancedArguments>level=4.1:b-adapt=2:ref=5:rc-lookahead=90:aq-mode=2:direct=auto:analyse=all:trellis=2:no-dct-decimate=1:no-fast-pskip=1:transfer=undef:colorprim=undef:colormatrix=undef:vbv-bufsize=0:vbv-maxrate=0</ExtraAdvancedArguments>
      <X265Preset>VeryFast</X265Preset>
      <H265Profile>None</H265Profile>
      <X265Tune>None</X265Tune>
      <PreviewStartAt xsi:nil="true" />
      <PreviewDuration xsi:nil="true" />
      <IsPreviewEncode>false</IsPreviewEncode>
      <PreviewEncodeDuration>0</PreviewEncodeDuration>
      <ShowAdvancedTab>false</ShowAdvancedTab>
    </Task>
    <UsePictureFilters>true</UsePictureFilters>
    <AudioTrackBehaviours>
      <SelectedBehaviour>None</SelectedBehaviour>
      <SelectedLangauges />
    </AudioTrackBehaviours>
    <SubtitleTrackBehaviours>
      <SelectedBehaviour>None</SelectedBehaviour>
      <SelectedLangauges />
      <AddForeignAudioScanTrack>false</AddForeignAudioScanTrack>
      <AddClosedCaptions>false</AddClosedCaptions>
    </SubtitleTrackBehaviours>
  </Preset>
  <Preset>
    <Category>Universal</Category>
    <IsBuildIn>false</IsBuildIn>
    <IsDefault>false</IsDefault>
    <Name>U2+</Name>
    <PictureSettingsMode>None</PictureSettingsMode>
    <UseDeinterlace>false</UseDeinterlace>
    <Task>
      <Title>0</Title>
      <Angle>0</Angle>
      <PointToPointMode>Chapters</PointToPointMode>
      <StartPoint>0</StartPoint>
      <EndPoint>0</EndPoint>
      <OutputFormat>Mp4</OutputFormat>
      <OptimizeMP4>false</OptimizeMP4>
      <IPod5GSupport>false</IPod5GSupport>
      <Width>0</Width>
      <Height xsi:nil="true" />
      <MaxWidth xsi:nil="true" />
      <MaxHeight xsi:nil="true" />
      <Cropping>
        <Top>0</Top>
        <Bottom>0</Bottom>
        <Left>0</Left>
        <Right>0</Right>
      </Cropping>
      <HasCropping>true</HasCropping>
      <Anamorphic>Strict</Anamorphic>
      <DisplayWidth xsi:nil="true" />
      <KeepDisplayAspect>false</KeepDisplayAspect>
      <PixelAspectX>0</PixelAspectX>
      <PixelAspectY>0</PixelAspectY>
      <Modulus>2</Modulus>
      <Deinterlace>Off</Deinterlace>
      <Decomb>Off</Decomb>
      <Detelecine>Off</Detelecine>
      <Denoise>Off</Denoise>
      <DenoisePreset>Weak</DenoisePreset>
      <DenoiseTune>None</DenoiseTune>
      <Deblock>4</Deblock>
      <Grayscale>false</Grayscale>
      <VideoEncodeRateType>ConstantQuality</VideoEncodeRateType>
      <VideoEncoder>X264</VideoEncoder>
      <FramerateMode>CFR</FramerateMode>
      <Quality>17.5</Quality>
      <VideoBitrate xsi:nil="true" />
      <TwoPass>false</TwoPass>
      <TurboFirstPass>false</TurboFirstPass>
      <Framerate xsi:nil="true" />
      <AudioTracks>
        <AudioTrack>
          <IsDefault>false</IsDefault>
          <Encoder>Passthrough</Encoder>
        </AudioTrack>
      </AudioTracks>
      <AllowedPassthruOptions>
        <AudioAllowAACPass>true</AudioAllowAACPass>
        <AudioAllowAC3Pass>true</AudioAllowAC3Pass>
        <AudioAllowDTSHDPass>true</AudioAllowDTSHDPass>
        <AudioAllowDTSPass>true</AudioAllowDTSPass>
        <AudioAllowMP3Pass>true</AudioAllowMP3Pass>
        <AudioEncoderFallback>Ac3</AudioEncoderFallback>
      </AllowedPassthruOptions>
      <SubtitleTracks />
      <IncludeChapterMarkers>false</IncludeChapterMarkers>
      <ChapterNames />
      <AdvancedEncoderOptions />
      <X264Preset>Medium</X264Preset>
      <QsvPreset>Balanced</QsvPreset>
      <H264Profile>None</H264Profile>
      <H264Level>Auto</H264Level>
      <X264Tune>None</X264Tune>
      <FastDecode>false</FastDecode>
      <ExtraAdvancedArguments>deblock=-1,0:bframes=5:b-adapt=2:ref=8:rc-lookahead=120:aq-mode=2:aq-strength=0.7:merange=24:me=umh:direct=auto:subq=9:analyse=all:trellis=2:no-dct-decimate=1:no-fast-pskip=1:transfer=undef:colorprim=undef:colormatrix=undef:vbv-bufsize=0:vbv-maxrate=0</ExtraAdvancedArguments>
      <X265Preset>VeryFast</X265Preset>
      <H265Profile>None</H265Profile>
      <X265Tune>None</X265Tune>
      <PreviewStartAt xsi:nil="true" />
      <PreviewDuration xsi:nil="true" />
      <IsPreviewEncode>false</IsPreviewEncode>
      <PreviewEncodeDuration>0</PreviewEncodeDuration>
      <ShowAdvancedTab>false</ShowAdvancedTab>
    </Task>
    <UsePictureFilters>true</UsePictureFilters>
    <AudioTrackBehaviours>
      <SelectedBehaviour>None</SelectedBehaviour>
      <SelectedLangauges />
    </AudioTrackBehaviours>
    <SubtitleTrackBehaviours>
      <SelectedBehaviour>None</SelectedBehaviour>
      <SelectedLangauges />
      <AddForeignAudioScanTrack>false</AddForeignAudioScanTrack>
      <AddClosedCaptions>false</AddClosedCaptions>
    </SubtitleTrackBehaviours>
  </Preset>
  <Preset>
    <Category>Scene/P2P</Category>
    <IsBuildIn>false</IsBuildIn>
    <IsDefault>false</IsDefault>
    <Name>DEMAND</Name>
    <PictureSettingsMode>None</PictureSettingsMode>
    <UseDeinterlace>false</UseDeinterlace>
    <Task>
      <Title>0</Title>
      <Angle>0</Angle>
      <PointToPointMode>Chapters</PointToPointMode>
      <StartPoint>0</StartPoint>
      <EndPoint>0</EndPoint>
      <OutputFormat>Mp4</OutputFormat>
      <OptimizeMP4>false</OptimizeMP4>
      <IPod5GSupport>false</IPod5GSupport>
      <Width>0</Width>
      <Height xsi:nil="true" />
      <MaxWidth xsi:nil="true" />
      <MaxHeight xsi:nil="true" />
      <Cropping>
        <Top>0</Top>
        <Bottom>0</Bottom>
        <Left>0</Left>
        <Right>0</Right>
      </Cropping>
      <HasCropping>true</HasCropping>
      <Anamorphic>Strict</Anamorphic>
      <DisplayWidth xsi:nil="true" />
      <KeepDisplayAspect>false</KeepDisplayAspect>
      <PixelAspectX>0</PixelAspectX>
      <PixelAspectY>0</PixelAspectY>
      <Modulus>2</Modulus>
      <Deinterlace>Off</Deinterlace>
      <Decomb>Off</Decomb>
      <Detelecine>Off</Detelecine>
      <Denoise>Off</Denoise>
      <DenoisePreset>Weak</DenoisePreset>
      <DenoiseTune>None</DenoiseTune>
      <Deblock>4</Deblock>
      <Grayscale>false</Grayscale>
      <VideoEncodeRateType>ConstantQuality</VideoEncodeRateType>
      <VideoEncoder>X264</VideoEncoder>
      <FramerateMode>CFR</FramerateMode>
      <Quality>19</Quality>
      <VideoBitrate xsi:nil="true" />
      <TwoPass>false</TwoPass>
      <TurboFirstPass>false</TurboFirstPass>
      <Framerate xsi:nil="true" />
      <AudioTracks>
        <AudioTrack>
          <IsDefault>false</IsDefault>
          <Encoder>Passthrough</Encoder>
        </AudioTrack>
      </AudioTracks>
      <AllowedPassthruOptions>
        <AudioAllowAACPass>true</AudioAllowAACPass>
        <AudioAllowAC3Pass>true</AudioAllowAC3Pass>
        <AudioAllowDTSHDPass>true</AudioAllowDTSHDPass>
        <AudioAllowDTSPass>true</AudioAllowDTSPass>
        <AudioAllowMP3Pass>true</AudioAllowMP3Pass>
        <AudioEncoderFallback>Ac3</AudioEncoderFallback>
      </AllowedPassthruOptions>
      <SubtitleTracks />
      <IncludeChapterMarkers>false</IncludeChapterMarkers>
      <ChapterNames />
      <AdvancedEncoderOptions />
      <X264Preset>Medium</X264Preset>
      <QsvPreset>Balanced</QsvPreset>
      <H264Profile>None</H264Profile>
      <H264Level>Auto</H264Level>
      <X264Tune>None</X264Tune>
      <FastDecode>false</FastDecode>
      <ExtraAdvancedArguments>level=3.1:deblock=-2:-2:b-adapt=2:ref=5:rc-lookahead=50:me=umh:direct=auto:subq=8:psy-rd=0.90,0.00:transfer=undef:colorprim=undef:colormatrix=undef:vbv-bufsize=0:vbv-maxrate=0</ExtraAdvancedArguments>
      <X265Preset>VeryFast</X265Preset>
      <H265Profile>None</H265Profile>
      <X265Tune>None</X265Tune>
      <PreviewStartAt xsi:nil="true" />
      <PreviewDuration xsi:nil="true" />
      <IsPreviewEncode>false</IsPreviewEncode>
      <PreviewEncodeDuration>0</PreviewEncodeDuration>
      <ShowAdvancedTab>false</ShowAdvancedTab>
    </Task>
    <UsePictureFilters>true</UsePictureFilters>
    <AudioTrackBehaviours>
      <SelectedBehaviour>None</SelectedBehaviour>
      <SelectedLangauges />
    </AudioTrackBehaviours>
    <SubtitleTrackBehaviours>
      <SelectedBehaviour>None</SelectedBehaviour>
      <SelectedLangauges />
      <AddForeignAudioScanTrack>false</AddForeignAudioScanTrack>
      <AddClosedCaptions>false</AddClosedCaptions>
    </SubtitleTrackBehaviours>
  </Preset>
  <Preset>
    <Category>Scene/P2P</Category>
    <IsBuildIn>false</IsBuildIn>
    <IsDefault>false</IsDefault>
    <Name>LOL</Name>
    <PictureSettingsMode>None</PictureSettingsMode>
    <UseDeinterlace>false</UseDeinterlace>
    <Task>
      <Title>0</Title>
      <Angle>0</Angle>
      <PointToPointMode>Chapters</PointToPointMode>
      <StartPoint>0</StartPoint>
      <EndPoint>0</EndPoint>
      <OutputFormat>Mp4</OutputFormat>
      <OptimizeMP4>false</OptimizeMP4>
      <IPod5GSupport>false</IPod5GSupport>
      <Width>0</Width>
      <Height xsi:nil="true" />
      <MaxWidth xsi:nil="true" />
      <MaxHeight xsi:nil="true" />
      <Cropping>
        <Top>0</Top>
        <Bottom>0</Bottom>
        <Left>0</Left>
        <Right>0</Right>
      </Cropping>
      <HasCropping>true</HasCropping>
      <Anamorphic>Strict</Anamorphic>
      <DisplayWidth xsi:nil="true" />
      <KeepDisplayAspect>false</KeepDisplayAspect>
      <PixelAspectX>0</PixelAspectX>
      <PixelAspectY>0</PixelAspectY>
      <Modulus>2</Modulus>
      <Deinterlace>Off</Deinterlace>
      <Decomb>Off</Decomb>
      <Detelecine>Off</Detelecine>
      <Denoise>Off</Denoise>
      <DenoisePreset>Weak</DenoisePreset>
      <DenoiseTune>None</DenoiseTune>
      <Deblock>4</Deblock>
      <Grayscale>false</Grayscale>
      <VideoEncodeRateType>ConstantQuality</VideoEncodeRateType>
      <VideoEncoder>X264</VideoEncoder>
      <FramerateMode>CFR</FramerateMode>
      <Quality>19</Quality>
      <VideoBitrate xsi:nil="true" />
      <TwoPass>false</TwoPass>
      <TurboFirstPass>false</TurboFirstPass>
      <Framerate xsi:nil="true" />
      <AudioTracks>
        <AudioTrack>
          <IsDefault>false</IsDefault>
          <Encoder>Passthrough</Encoder>
        </AudioTrack>
      </AudioTracks>
      <AllowedPassthruOptions>
        <AudioAllowAACPass>true</AudioAllowAACPass>
        <AudioAllowAC3Pass>true</AudioAllowAC3Pass>
        <AudioAllowDTSHDPass>true</AudioAllowDTSHDPass>
        <AudioAllowDTSPass>true</AudioAllowDTSPass>
        <AudioAllowMP3Pass>true</AudioAllowMP3Pass>
        <AudioEncoderFallback>Ac3</AudioEncoderFallback>
      </AllowedPassthruOptions>
      <SubtitleTracks />
      <IncludeChapterMarkers>false</IncludeChapterMarkers>
      <ChapterNames />
      <AdvancedEncoderOptions />
      <X264Preset>Medium</X264Preset>
      <QsvPreset>Balanced</QsvPreset>
      <H264Profile>None</H264Profile>
      <H264Level>Auto</H264Level>
      <X264Tune>None</X264Tune>
      <FastDecode>false</FastDecode>
      <ExtraAdvancedArguments>level=3.1:deblock=1:1:b-adapt=2:ref=5:rc-lookahead=60:me=umh:direct=auto:subq=9:analyse=all:trellis=2:no-fast-pskip=1:transfer=undef:colorprim=undef:colormatrix=undef:vbv-bufsize=0:vbv-maxrate=0</ExtraAdvancedArguments>
      <X265Preset>VeryFast</X265Preset>
      <H265Profile>None</H265Profile>
      <X265Tune>None</X265Tune>
      <PreviewStartAt xsi:nil="true" />
      <PreviewDuration xsi:nil="true" />
      <IsPreviewEncode>false</IsPreviewEncode>
      <PreviewEncodeDuration>0</PreviewEncodeDuration>
      <ShowAdvancedTab>false</ShowAdvancedTab>
    </Task>
    <UsePictureFilters>true</UsePictureFilters>
    <AudioTrackBehaviours>
      <SelectedBehaviour>None</SelectedBehaviour>
      <SelectedLangauges />
    </AudioTrackBehaviours>
    <SubtitleTrackBehaviours>
      <SelectedBehaviour>None</SelectedBehaviour>
      <SelectedLangauges />
      <AddForeignAudioScanTrack>false</AddForeignAudioScanTrack>
      <AddClosedCaptions>false</AddClosedCaptions>
    </SubtitleTrackBehaviours>
  </Preset>
  <Preset>
    <Category>Scene/P2P</Category>
    <IsBuildIn>false</IsBuildIn>
    <IsDefault>false</IsDefault>
    <Name>mSD 1</Name>
    <PictureSettingsMode>None</PictureSettingsMode>
    <UseDeinterlace>false</UseDeinterlace>
    <Task>
      <Title>0</Title>
      <Angle>0</Angle>
      <PointToPointMode>Chapters</PointToPointMode>
      <StartPoint>0</StartPoint>
      <EndPoint>0</EndPoint>
      <OutputFormat>Mp4</OutputFormat>
      <OptimizeMP4>false</OptimizeMP4>
      <IPod5GSupport>false</IPod5GSupport>
      <Width>0</Width>
      <Height xsi:nil="true" />
      <MaxWidth xsi:nil="true" />
      <MaxHeight xsi:nil="true" />
      <Cropping>
        <Top>0</Top>
        <Bottom>0</Bottom>
        <Left>0</Left>
        <Right>0</Right>
      </Cropping>
      <HasCropping>true</HasCropping>
      <Anamorphic>Strict</Anamorphic>
      <DisplayWidth xsi:nil="true" />
      <KeepDisplayAspect>false</KeepDisplayAspect>
      <PixelAspectX>0</PixelAspectX>
      <PixelAspectY>0</PixelAspectY>
      <Modulus>2</Modulus>
      <Deinterlace>Off</Deinterlace>
      <Decomb>Off</Decomb>
      <Detelecine>Off</Detelecine>
      <Denoise>Off</Denoise>
      <DenoisePreset>Weak</DenoisePreset>
      <DenoiseTune>None</DenoiseTune>
      <Deblock>4</Deblock>
      <Grayscale>false</Grayscale>
      <VideoEncodeRateType>ConstantQuality</VideoEncodeRateType>
      <VideoEncoder>X264</VideoEncoder>
      <FramerateMode>CFR</FramerateMode>
      <Quality>25.5</Quality>
      <VideoBitrate xsi:nil="true" />
      <TwoPass>false</TwoPass>
      <TurboFirstPass>false</TurboFirstPass>
      <Framerate xsi:nil="true" />
      <AudioTracks>
        <AudioTrack>
          <IsDefault>false</IsDefault>
          <Encoder>Passthrough</Encoder>
        </AudioTrack>
      </AudioTracks>
      <AllowedPassthruOptions>
        <AudioAllowAACPass>true</AudioAllowAACPass>
        <AudioAllowAC3Pass>true</AudioAllowAC3Pass>
        <AudioAllowDTSHDPass>true</AudioAllowDTSHDPass>
        <AudioAllowDTSPass>true</AudioAllowDTSPass>
        <AudioAllowMP3Pass>true</AudioAllowMP3Pass>
        <AudioEncoderFallback>Ac3</AudioEncoderFallback>
      </AllowedPassthruOptions>
      <SubtitleTracks />
      <IncludeChapterMarkers>false</IncludeChapterMarkers>
      <ChapterNames />
      <AdvancedEncoderOptions />
      <X264Preset>Medium</X264Preset>
      <QsvPreset>Balanced</QsvPreset>
      <H264Profile>None</H264Profile>
      <H264Level>Auto</H264Level>
      <X264Tune>None</X264Tune>
      <FastDecode>false</FastDecode>
      <ExtraAdvancedArguments>level=3.1:bframes=8:vbv-bufsize=10000:vbv-maxrate=10000:me=umh:subq=8:no-fast-pskip=1:transfer=undef:colorprim=undef:colormatrix=undef</ExtraAdvancedArguments>
      <X265Preset>VeryFast</X265Preset>
      <H265Profile>None</H265Profile>
      <X265Tune>None</X265Tune>
      <PreviewStartAt xsi:nil="true" />
      <PreviewDuration xsi:nil="true" />
      <IsPreviewEncode>false</IsPreviewEncode>
      <PreviewEncodeDuration>0</PreviewEncodeDuration>
      <ShowAdvancedTab>false</ShowAdvancedTab>
    </Task>
    <UsePictureFilters>true</UsePictureFilters>
    <AudioTrackBehaviours>
      <SelectedBehaviour>None</SelectedBehaviour>
      <SelectedLangauges />
    </AudioTrackBehaviours>
    <SubtitleTrackBehaviours>
      <SelectedBehaviour>None</SelectedBehaviour>
      <SelectedLangauges />
      <AddForeignAudioScanTrack>false</AddForeignAudioScanTrack>
      <AddClosedCaptions>false</AddClosedCaptions>
    </SubtitleTrackBehaviours>
  </Preset>
  <Preset>
    <Category>Scene/P2P</Category>
    <IsBuildIn>false</IsBuildIn>
    <IsDefault>false</IsDefault>
    <Name>mSD 2</Name>
    <PictureSettingsMode>None</PictureSettingsMode>
    <UseDeinterlace>false</UseDeinterlace>
    <Task>
      <Title>0</Title>
      <Angle>0</Angle>
      <PointToPointMode>Chapters</PointToPointMode>
      <StartPoint>0</StartPoint>
      <EndPoint>0</EndPoint>
      <OutputFormat>Mp4</OutputFormat>
      <OptimizeMP4>false</OptimizeMP4>
      <IPod5GSupport>false</IPod5GSupport>
      <Width>0</Width>
      <Height xsi:nil="true" />
      <MaxWidth xsi:nil="true" />
      <MaxHeight xsi:nil="true" />
      <Cropping>
        <Top>0</Top>
        <Bottom>0</Bottom>
        <Left>0</Left>
        <Right>0</Right>
      </Cropping>
      <HasCropping>true</HasCropping>
      <Anamorphic>Strict</Anamorphic>
      <DisplayWidth xsi:nil="true" />
      <KeepDisplayAspect>false</KeepDisplayAspect>
      <PixelAspectX>0</PixelAspectX>
      <PixelAspectY>0</PixelAspectY>
      <Modulus>2</Modulus>
      <Deinterlace>Off</Deinterlace>
      <Decomb>Off</Decomb>
      <Detelecine>Off</Detelecine>
      <Denoise>Off</Denoise>
      <DenoisePreset>Weak</DenoisePreset>
      <DenoiseTune>None</DenoiseTune>
      <Deblock>4</Deblock>
      <Grayscale>false</Grayscale>
      <VideoEncodeRateType>ConstantQuality</VideoEncodeRateType>
      <VideoEncoder>X264</VideoEncoder>
      <FramerateMode>CFR</FramerateMode>
      <Quality>23</Quality>
      <VideoBitrate xsi:nil="true" />
      <TwoPass>false</TwoPass>
      <TurboFirstPass>false</TurboFirstPass>
      <Framerate xsi:nil="true" />
      <AudioTracks>
        <AudioTrack>
          <IsDefault>false</IsDefault>
          <Encoder>Passthrough</Encoder>
        </AudioTrack>
      </AudioTracks>
      <AllowedPassthruOptions>
        <AudioAllowAACPass>true</AudioAllowAACPass>
        <AudioAllowAC3Pass>true</AudioAllowAC3Pass>
        <AudioAllowDTSHDPass>true</AudioAllowDTSHDPass>
        <AudioAllowDTSPass>true</AudioAllowDTSPass>
        <AudioAllowMP3Pass>true</AudioAllowMP3Pass>
        <AudioEncoderFallback>Ac3</AudioEncoderFallback>
      </AllowedPassthruOptions>
      <SubtitleTracks />
      <IncludeChapterMarkers>false</IncludeChapterMarkers>
      <ChapterNames />
      <AdvancedEncoderOptions />
      <X264Preset>Medium</X264Preset>
      <QsvPreset>Balanced</QsvPreset>
      <H264Profile>None</H264Profile>
      <H264Level>Auto</H264Level>
      <X264Tune>None</X264Tune>
      <FastDecode>false</FastDecode>
      <ExtraAdvancedArguments>level=3.1:b-adapt=2:bframes=8:ref=5:rc-lookahead=50:me=umh:direct=auto:subq=9:vbv-bufsize=10000:vbv-maxrate=10000:no-fast-pskip=1:transfer=undef:colorprim=undef:colormatrix=undef</ExtraAdvancedArguments>
      <X265Preset>VeryFast</X265Preset>
      <H265Profile>None</H265Profile>
      <X265Tune>None</X265Tune>
      <PreviewStartAt xsi:nil="true" />
      <PreviewDuration xsi:nil="true" />
      <IsPreviewEncode>false</IsPreviewEncode>
      <PreviewEncodeDuration>0</PreviewEncodeDuration>
      <ShowAdvancedTab>false</ShowAdvancedTab>
    </Task>
    <UsePictureFilters>true</UsePictureFilters>
    <AudioTrackBehaviours>
      <SelectedBehaviour>None</SelectedBehaviour>
      <SelectedLangauges />
    </AudioTrackBehaviours>
    <SubtitleTrackBehaviours>
      <SelectedBehaviour>None</SelectedBehaviour>
      <SelectedLangauges />
      <AddForeignAudioScanTrack>false</AddForeignAudioScanTrack>
      <AddClosedCaptions>false</AddClosedCaptions>
    </SubtitleTrackBehaviours>
  </Preset>
  <Preset>
    <Category>Experimental</Category>
    <IsBuildIn>false</IsBuildIn>
    <IsDefault>false</IsDefault>
    <Name>E1</Name>
    <PictureSettingsMode>None</PictureSettingsMode>
    <UseDeinterlace>false</UseDeinterlace>
    <Task>
      <Title>0</Title>
      <Angle>0</Angle>
      <PointToPointMode>Chapters</PointToPointMode>
      <StartPoint>0</StartPoint>
      <EndPoint>0</EndPoint>
      <OutputFormat>Mp4</OutputFormat>
      <OptimizeMP4>false</OptimizeMP4>
      <IPod5GSupport>false</IPod5GSupport>
      <Width>0</Width>
      <Height xsi:nil="true" />
      <MaxWidth xsi:nil="true" />
      <MaxHeight xsi:nil="true" />
      <Cropping>
        <Top>0</Top>
        <Bottom>0</Bottom>
        <Left>0</Left>
        <Right>0</Right>
      </Cropping>
      <HasCropping>true</HasCropping>
      <Anamorphic>Strict</Anamorphic>
      <DisplayWidth xsi:nil="true" />
      <KeepDisplayAspect>false</KeepDisplayAspect>
      <PixelAspectX>0</PixelAspectX>
      <PixelAspectY>0</PixelAspectY>
      <Modulus>2</Modulus>
      <Deinterlace>Off</Deinterlace>
      <Decomb>Off</Decomb>
      <Detelecine>Off</Detelecine>
      <Denoise>Off</Denoise>
      <DenoisePreset>Weak</DenoisePreset>
      <DenoiseTune>None</DenoiseTune>
      <Deblock>4</Deblock>
      <Grayscale>false</Grayscale>
      <VideoEncodeRateType>ConstantQuality</VideoEncodeRateType>
      <VideoEncoder>X264</VideoEncoder>
      <FramerateMode>CFR</FramerateMode>
      <Quality>19</Quality>
      <VideoBitrate xsi:nil="true" />
      <TwoPass>false</TwoPass>
      <TurboFirstPass>false</TurboFirstPass>
      <Framerate xsi:nil="true" />
      <AudioTracks>
        <AudioTrack>
          <IsDefault>false</IsDefault>
          <Encoder>Passthrough</Encoder>
        </AudioTrack>
      </AudioTracks>
      <AllowedPassthruOptions>
        <AudioAllowAACPass>true</AudioAllowAACPass>
        <AudioAllowAC3Pass>true</AudioAllowAC3Pass>
        <AudioAllowDTSHDPass>true</AudioAllowDTSHDPass>
        <AudioAllowDTSPass>true</AudioAllowDTSPass>
        <AudioAllowMP3Pass>true</AudioAllowMP3Pass>
        <AudioEncoderFallback>Ac3</AudioEncoderFallback>
      </AllowedPassthruOptions>
      <SubtitleTracks />
      <IncludeChapterMarkers>false</IncludeChapterMarkers>
      <ChapterNames />
      <AdvancedEncoderOptions />
      <X264Preset>Medium</X264Preset>
      <QsvPreset>Balanced</QsvPreset>
      <H264Profile>None</H264Profile>
      <H264Level>Auto</H264Level>
      <X264Tune>None</X264Tune>
      <FastDecode>false</FastDecode>
      <ExtraAdvancedArguments>bframes=6:b-adapt=2:ref=8:rc-lookahead=120:merange=24:me=umh:direct=auto:subq=9:analyse=all:trellis=2:psy-rd=0.20,0.20:no-dct-decimate=1:no-fast-pskip=1:transfer=undef:colorprim=undef:colormatrix=undef:vbv-bufsize=0:vbv-maxrate=0</ExtraAdvancedArguments>
      <X265Preset>VeryFast</X265Preset>
      <H265Profile>None</H265Profile>
      <X265Tune>None</X265Tune>
      <PreviewStartAt xsi:nil="true" />
      <PreviewDuration xsi:nil="true" />
      <IsPreviewEncode>false</IsPreviewEncode>
      <PreviewEncodeDuration>0</PreviewEncodeDuration>
      <ShowAdvancedTab>false</ShowAdvancedTab>
    </Task>
    <UsePictureFilters>true</UsePictureFilters>
    <AudioTrackBehaviours>
      <SelectedBehaviour>None</SelectedBehaviour>
      <SelectedLangauges />
    </AudioTrackBehaviours>
    <SubtitleTrackBehaviours>
      <SelectedBehaviour>None</SelectedBehaviour>
      <SelectedLangauges />
      <AddForeignAudioScanTrack>false</AddForeignAudioScanTrack>
      <AddClosedCaptions>false</AddClosedCaptions>
    </SubtitleTrackBehaviours>
  </Preset>
  <Preset>
    <Category>Experimental</Category>
    <IsBuildIn>false</IsBuildIn>
    <IsDefault>false</IsDefault>
    <Name>E2</Name>
    <PictureSettingsMode>None</PictureSettingsMode>
    <UseDeinterlace>false</UseDeinterlace>
    <Task>
      <Title>0</Title>
      <Angle>0</Angle>
      <PointToPointMode>Chapters</PointToPointMode>
      <StartPoint>0</StartPoint>
      <EndPoint>0</EndPoint>
      <OutputFormat>Mp4</OutputFormat>
      <OptimizeMP4>false</OptimizeMP4>
      <IPod5GSupport>false</IPod5GSupport>
      <Width>0</Width>
      <Height xsi:nil="true" />
      <MaxWidth xsi:nil="true" />
      <MaxHeight xsi:nil="true" />
      <Cropping>
        <Top>0</Top>
        <Bottom>0</Bottom>
        <Left>0</Left>
        <Right>0</Right>
      </Cropping>
      <HasCropping>true</HasCropping>
      <Anamorphic>Strict</Anamorphic>
      <DisplayWidth xsi:nil="true" />
      <KeepDisplayAspect>false</KeepDisplayAspect>
      <PixelAspectX>0</PixelAspectX>
      <PixelAspectY>0</PixelAspectY>
      <Modulus>2</Modulus>
      <Deinterlace>Off</Deinterlace>
      <Decomb>Off</Decomb>
      <Detelecine>Off</Detelecine>
      <Denoise>Off</Denoise>
      <DenoisePreset>Weak</DenoisePreset>
      <DenoiseTune>None</DenoiseTune>
      <Deblock>4</Deblock>
      <Grayscale>false</Grayscale>
      <VideoEncodeRateType>ConstantQuality</VideoEncodeRateType>
      <VideoEncoder>X264</VideoEncoder>
      <FramerateMode>CFR</FramerateMode>
      <Quality>19</Quality>
      <VideoBitrate xsi:nil="true" />
      <TwoPass>false</TwoPass>
      <TurboFirstPass>false</TurboFirstPass>
      <Framerate xsi:nil="true" />
      <AudioTracks>
        <AudioTrack>
          <IsDefault>false</IsDefault>
          <Encoder>Passthrough</Encoder>
        </AudioTrack>
      </AudioTracks>
      <AllowedPassthruOptions>
        <AudioAllowAACPass>true</AudioAllowAACPass>
        <AudioAllowAC3Pass>true</AudioAllowAC3Pass>
        <AudioAllowDTSHDPass>true</AudioAllowDTSHDPass>
        <AudioAllowDTSPass>true</AudioAllowDTSPass>
        <AudioAllowMP3Pass>true</AudioAllowMP3Pass>
        <AudioEncoderFallback>Ac3</AudioEncoderFallback>
      </AllowedPassthruOptions>
      <SubtitleTracks />
      <IncludeChapterMarkers>false</IncludeChapterMarkers>
      <ChapterNames />
      <AdvancedEncoderOptions />
      <X264Preset>Medium</X264Preset>
      <QsvPreset>Balanced</QsvPreset>
      <H264Profile>None</H264Profile>
      <H264Level>Auto</H264Level>
      <X264Tune>None</X264Tune>
      <FastDecode>false</FastDecode>
      <ExtraAdvancedArguments>bframes=4:b-adapt=2:ref=6:rc-lookahead=90:merange=20:me=umh:direct=auto:subq=8:analyse=all:trellis=2:psy-rd=0.20,0.20:no-dct-decimate=1:no-fast-pskip=1:transfer=undef:colorprim=undef:colormatrix=undef:vbv-bufsize=0:vbv-maxrate=0</ExtraAdvancedArguments>
      <X265Preset>VeryFast</X265Preset>
      <H265Profile>None</H265Profile>
      <X265Tune>None</X265Tune>
      <PreviewStartAt xsi:nil="true" />
      <PreviewDuration xsi:nil="true" />
      <IsPreviewEncode>false</IsPreviewEncode>
      <PreviewEncodeDuration>0</PreviewEncodeDuration>
      <ShowAdvancedTab>false</ShowAdvancedTab>
    </Task>
    <UsePictureFilters>true</UsePictureFilters>
    <AudioTrackBehaviours>
      <SelectedBehaviour>None</SelectedBehaviour>
      <SelectedLangauges />
    </AudioTrackBehaviours>
    <SubtitleTrackBehaviours>
      <SelectedBehaviour>None</SelectedBehaviour>
      <SelectedLangauges />
      <AddForeignAudioScanTrack>false</AddForeignAudioScanTrack>
      <AddClosedCaptions>false</AddClosedCaptions>
    </SubtitleTrackBehaviours>
  </Preset>
</ArrayOfPreset>